Unit 1: What is real estate brokerage?,"The business of bringing buyers and sellers, landlords and tenants, or other parties together in real estate transactions."
Unit 1: What does an appraiser do?,"An appraiser develops an opinion of property value, usually for lending, sale, tax, or legal purposes."
Unit 1: What does a property manager do?,"A property manager operates real estate for an owner, including rent, maintenance, tenants, budgets, and reports."
Unit 1: What does a mortgage lender do?,A mortgage lender provides financing so buyers can purchase or refinance real estate.
Unit 1: What does a real estate developer do?,A developer improves land or existing property for a new or more profitable use.
Unit 1: What is real estate counseling?,"Professional advice about real estate decisions, investments, use, value, or strategy."
Unit 1: What is real estate investment?,"Buying, owning, or financing real estate to earn income, appreciation, tax benefits, or portfolio growth."
Unit 1: What is supply in real estate?,The amount of property available for sale or rent in a market.
Unit 1: What is demand in real estate?,The desire and ability of buyers or tenants to purchase or lease property.
Unit 1: What happens when demand rises and supply is limited?,Prices and rents usually rise because more people compete for fewer properties.
Unit 1: Why is location so important?,"Location affects desirability, access, schools, jobs, amenities, safety perceptions, and value."
Unit 1: Why are real estate markets local?,"Properties are fixed in place, and values depend on local supply, demand, economy, and neighborhood conditions."
Unit 1: What is situs?,The personal preference people have for one location over another.
Unit 1: What is scarcity in real estate?,Limited availability of land or desirable property in a specific market.
Unit 1: What is improvement?,"A human-made addition to land, such as a building, road, fence, or utility connection."
Unit 1: What is permanence of investment?,The long-term nature of improvements and capital invested in real estate.
Unit 1: What is area preference?,"People’s preference for certain neighborhoods or areas, also called situs."
Unit 1: What is the role of a title company?,"To help research title, provide title insurance, and support closing or settlement."
Unit 1: What is the role of an inspector?,To evaluate property condition and report defects or safety concerns.
Unit 1: What is the big exam idea from Unit 1?,"Real estate value is local and shaped by careers, services, supply, demand, and location."
Unit 2: What is land?,"The earth’s surface, subsurface, airspace, and things naturally attached to it."
Unit 2: What is real estate?,Land plus permanent human-made improvements attached to the land.
Unit 2: What is real property?,Real estate plus the legal rights of ownership.
Unit 2: What is personal property?,Movable property that is not permanently attached to land.
Unit 2: What is chattel?,Another term for personal property.
Unit 2: What is a fixture?,Personal property that became real property because it was attached with intent to remain.
Unit 2: What is a trade fixture?,Business-related tenant property that may be removed if removal is timely and does not damage the property.
Unit 2: What is appurtenance?,"A right or item that belongs to and transfers with the land, such as an easement."
Unit 2: What is the bundle of legal rights?,"The ownership rights to possess, control, enjoy, exclude, and dispose of property."
Unit 2: What is the right of possession?,The owner’s right to occupy or possess the property.
Unit 2: What is the right of control?,The owner’s right to use the property legally and within restrictions.
Unit 2: What is the right of enjoyment?,The owner’s right to use the property without unlawful interference.
Unit 2: What is the right of exclusion?,"The owner’s right to keep others off the property, subject to law."
Unit 2: What is the right of disposition?,"The owner’s right to sell, lease, will, or transfer the property."
Unit 2: What is annexation?,The process of attaching personal property to real property.
Unit 2: What is severance?,The process of converting real property into personal property by detaching it.
Unit 2: What is emblement?,Annual crops produced by tenant labor that are treated as personal property.
Unit 2: What is the main fixture test?,"Attachment, adaptation, agreement, relationship of parties, and intent."
Unit 2: What is air rights?,"Rights to use or control space above land, within legal limits."
Unit 2: What is subsurface rights?,"Rights to use or transfer interests below the earth’s surface, such as minerals."
Unit 3: What is fee simple?,"The broadest ownership estate, potentially lasting forever."
Unit 3: What is fee simple defeasible?,Ownership that may end if a condition is violated.
Unit 3: What is life estate?,Ownership lasting for the lifetime of a named person.
Unit 3: What is life tenant?,The person who holds property during the measuring life of a life estate.
Unit 3: What is remainder interest?,A future interest that goes to a third party after a life estate ends.
Unit 3: What is reversionary interest?,A future interest returning to the original owner or heirs after a life estate ends.
Unit 3: What is leasehold estate?,A tenant’s right to possess property without owning it.
Unit 3: What is freehold estate?,An ownership estate of uncertain duration.
Unit 3: What is encumbrance?,"A claim, charge, or liability affecting title or use."
Unit 3: What is easement?,A right to use another person’s land for a specific purpose.
Unit 3: What is easement appurtenant?,An easement attached to and benefiting another parcel of land.
Unit 3: What is easement in gross?,An easement benefiting a person or company rather than a parcel.
Unit 3: What is encroachment?,An unauthorized physical intrusion onto another property.
Unit 3: What is lien?,A claim against property as security for a debt.
Unit 3: What is deed restriction?,A private limit on property use written into a deed or covenant.
Unit 3: What is police power?,"Government power to regulate for health, safety, morals, and welfare."
Unit 3: What is eminent domain?,Government power to take private property for public use with compensation.
Unit 3: What is taxation?,Government power to tax real property.
Unit 3: What is escheat?,Transfer of property to the state when an owner dies without heirs.
Unit 3: What is condemnation?,The legal process used to exercise eminent domain.
Unit 4: What is severalty?,Ownership by one person or one legal entity.
Unit 4: What is co-ownership?,Ownership by two or more people or entities.
Unit 4: What is tenancy in common?,Co-ownership allowing unequal shares and inheritance by heirs.
Unit 4: What is joint tenancy?,Co-ownership usually requiring equal shares and right of survivorship.
Unit 4: What is right of survivorship?,A deceased owner’s interest passes to surviving co-owners.
Unit 4: What is partition?,Legal action to divide or sell co-owned property.
Unit 4: What is tenancy by the entirety?,"Spousal ownership form with survivorship, recognized in some states."
Unit 4: What is community property?,Marital property system used in some states.
Unit 4: What is separate property?,Property owned individually by one spouse.
Unit 4: What is condominium?,Individual unit ownership plus shared common elements.
Unit 4: What is common elements?,Parts of a condo property owned or used by unit owners collectively.
Unit 4: What is limited common elements?,Common elements reserved for use by certain units.
Unit 4: What is cooperative?,Ownership through shares in a corporation plus occupancy rights.
Unit 4: What is proprietary lease?,Lease giving a co-op shareholder occupancy rights.
Unit 4: What is timeshare?,Ownership or use rights for a property during specific time periods.
Unit 4: What is trust?,Arrangement where trustee holds property for beneficiary.
Unit 4: What is corporation?,Legal entity that may own real estate separately from shareholders.
Unit 4: What is partnership?,Business association that may own real estate.
Unit 4: What is LLC?,"Limited liability company, a common entity for owning property."
Unit 4: What is syndicate?,Group pooling resources for a real estate investment.
Unit 5: What is legal description?,A precise description identifying a specific parcel of land.
Unit 5: What is street address?,"A mailing/location address, usually not enough for legal transfer."
Unit 5: What is metes and bounds?,"Description using distances, directions, and monuments."
Unit 5: What is metes?,Measurements or distances in a metes-and-bounds description.
Unit 5: What is bounds?,Boundaries or directions in a metes-and-bounds description.
Unit 5: What is monument?,Natural or artificial marker used to identify boundaries.
Unit 5: What is point of beginning?,Starting and ending point in metes and bounds.
Unit 5: What is rectangular survey system?,"System using baselines, meridians, townships, ranges, and sections."
Unit 5: What is principal meridian?,Main north-south survey line.
Unit 5: What is baseline?,Main east-west survey line.
Unit 5: What is township?,Six-mile-square area in the rectangular survey system.
Unit 5: What is range?,"Strip of land running north-south, identified east or west of a meridian."
Unit 5: What is section?,"One-square-mile part of a township, containing 640 acres."
Unit 5: What is acre?,"43,560 square feet."
Unit 5: What is quarter section?,"160 acres, one-fourth of a section."
Unit 5: What is lot and block?,Description using recorded subdivision plat maps.
Unit 5: What is plat map?,"Map showing lots, blocks, streets, and easements in a subdivision."
Unit 5: What is survey?,Professional measurement and mapping of land boundaries.
Unit 5: What is datum?,Reference point or surface for elevations.
Unit 5: What is legal description exam trap?,"Street addresses identify location, but legal descriptions identify exact land."
Unit 6: What is title?,Legal ownership of property.
Unit 6: What is deed?,Written instrument used to transfer real property ownership.
Unit 6: What is grantor?,Person transferring property.
Unit 6: What is grantee?,Person receiving property.
Unit 6: What is conveyance?,Transfer of title or an interest in real property.
Unit 6: What is consideration?,Something of value exchanged in a deed or contract.
Unit 6: What is legal description in a deed?,Identifies the exact property being transferred.
Unit 6: What is delivery and acceptance?,Required for a deed to transfer title.
Unit 6: What is general warranty deed?,Deed with the strongest warranties and buyer protection.
Unit 6: What is special warranty deed?,Deed warranting only against title problems during grantor ownership.
Unit 6: What is bargain and sale deed?,Deed implying grantor has title but often limited warranties.
Unit 6: What is quitclaim deed?,"Deed transferring whatever interest the grantor has, if any, with no warranties."
Unit 6: What is deed in trust?,Deed transferring property to a trustee.
Unit 6: What is trustee’s deed?,Deed used by a trustee to convey property.
Unit 6: What is will?,Document directing property distribution after death.
Unit 6: What is testate?,Dying with a valid will.
Unit 6: What is intestate?,Dying without a valid will.
Unit 6: What is descent?,Transfer of property by inheritance when there is no will.
Unit 6: What is probate?,Court process to distribute a deceased person’s estate.
Unit 6: What is adverse possession?,"Acquiring title through open, notorious, hostile, continuous, exclusive possession for the statutory period."
Unit 7: What is recording?,Placing documents in public records to provide notice.
Unit 7: What is public records?,Government records of documents affecting real estate.
Unit 7: What is actual notice?,Direct knowledge of a fact.
Unit 7: What is constructive notice?,Legal notice from recorded documents or possession.
Unit 7: What is inquiry notice?,Notice that a person should investigate based on visible facts.
Unit 7: What is chain of title?,History of ownership transfers for a property.
Unit 7: What is title search?,Examination of public records to identify ownership and defects.
Unit 7: What is abstract of title?,Summary of recorded documents affecting title.
Unit 7: What is attorney’s opinion of title?,Legal opinion based on title examination.
Unit 7: What is marketable title?,Title reasonably free from doubt or defects.
Unit 7: What is cloud on title?,Possible defect or claim affecting ownership.
Unit 7: What is quiet title action?,Lawsuit to resolve title defects or competing claims.
Unit 7: What is title insurance?,Insurance protecting against certain past title defects.
Unit 7: What is owner’s title policy?,Title insurance protecting the property owner.
Unit 7: What is lender’s title policy?,Title insurance protecting the lender’s security interest.
Unit 7: What is standard coverage?,"Title policy coverage for listed covered risks, subject to exclusions."
Unit 7: What is extended coverage?,"Broader title insurance protection, often requiring more investigation."
Unit 7: What is subrogation?,Insurer’s right to pursue claims after paying a loss.
Unit 7: What is recording priority?,Rules determining which recorded interest has superior rights.
Unit 7: What is race-notice idea?,"Priority can depend on recording first and lacking notice, depending on state law."
Unit 8: What is broker?,Licensed person responsible for brokerage activity and supervision.
Unit 8: What is sales associate?,Licensee who usually works under a broker.
Unit 8: What is brokerage?,Business of assisting in real estate transactions.
Unit 8: What is commission?,Negotiable compensation paid by agreement.
Unit 8: What is independent contractor?,Common tax status for many real estate sales associates.
Unit 8: What is employee?,Worker status involving more control by employer.
Unit 8: What is antitrust laws?,Laws protecting competition and prohibiting certain broker agreements.
Unit 8: What is price-fixing?,Competitors agreeing to set fees or commission rates.
Unit 8: What is market allocation?,"Competitors dividing territories, clients, or property types."
Unit 8: What is group boycott?,Competitors agreeing not to deal with a party.
Unit 8: What is tying agreement?,Requiring one service as condition for another service.
Unit 8: What is standard commission phrase?,Dangerous phrase because commissions must be negotiable.
Unit 8: What is procuring cause?,"Broker effort that directly produces a ready, willing, and able buyer."
Unit 8: What is cooperating broker?,Broker who assists another broker in a transaction.
Unit 8: What is transaction broker?,Broker role providing limited services without traditional agency in some states.
Unit 8: What is trust funds?,"Money held for others, requiring proper handling."
Unit 8: What is errors and omissions insurance?,Insurance covering certain professional negligence claims.
Unit 8: What is broker supervision?,Broker responsibility to oversee affiliated licensees.
Unit 8: What is license law?,State law governing real estate licensing and practice.
Unit 8: What is brokerage exam trap?,"Never imply commissions are fixed, standard, or set by law."
Unit 9: What is agency?,Fiduciary relationship where an agent represents a principal.
Unit 9: What is principal?,The client who authorizes the agent to act.
Unit 9: What is agent?,Person authorized to act for the principal.
Unit 9: What is client?,Person represented by the agent.
Unit 9: What is customer?,Person treated honestly but not represented as a client.
Unit 9: What is fiduciary duty?,High duty of trust owed by agent to client.
Unit 9: What is loyalty?,Duty to put client interests first.
Unit 9: What is obedience?,Duty to follow lawful client instructions.
Unit 9: What is disclosure?,Duty to reveal important information to the client.
Unit 9: What is confidentiality?,Duty to protect client secrets.
Unit 9: What is accounting?,Duty to properly handle and report money or property.
Unit 9: What is reasonable care?,Duty to act competently and diligently.
Unit 9: What is single agency?,Agent represents one party.
Unit 9: What is dual agency?,One agent/brokerage represents both sides if legal and disclosed.
Unit 9: What is designated agency?,Broker designates different licensees to represent different clients.
Unit 9: What is subagency?,Agent of another broker’s principal.
Unit 9: What is agency disclosure?,Required disclosure of representation relationships.
Unit 9: What is material fact?,Important fact that could affect a party’s decision.
Unit 9: What is puffing?,"Exaggerated opinion, not a factual misrepresentation."
Unit 9: What is misrepresentation?,False statement or concealment of material fact.
Unit 10: What is listing agreement?,Employment contract between seller and broker.
Unit 10: What is buyer representation agreement?,Agreement defining broker representation of a buyer.
Unit 10: What is exclusive right to sell?,Listing where broker earns commission if property sells during term.
Unit 10: What is exclusive agency listing?,"Broker is exclusive, but seller may avoid commission by finding buyer personally."
Unit 10: What is open listing?,Nonexclusive listing where only procuring broker gets paid.
Unit 10: What is net listing?,"Broker keeps amount above seller’s required price, risky and often restricted."
Unit 10: What is listing price?,Seller’s asking price in a listing agreement.
Unit 10: What is listing term?,Time period the listing agreement is effective.
Unit 10: What is broker authority?,Actions the broker is allowed to take under the agreement.
Unit 10: What is commission clause?,Agreement section explaining compensation.
Unit 10: What is protection period?,Period after listing expiration protecting broker for certain prospects.
Unit 10: What is multiple listing service?,Database for sharing listings among brokers.
Unit 10: What is seller disclosure?,Seller-provided information about property condition or facts.
Unit 10: What is agency relationship in agreement?,Identifies who the broker represents.
Unit 10: What is termination of listing?,"Ending the listing by expiration, agreement, breach, death, destruction, or law."
Unit 10: What is ready willing and able buyer?,Buyer prepared and qualified to buy on seller’s terms.
Unit 10: What is listing contract exam trap?,Type of listing controls when commission is earned.
Unit 10: What is buyer agency compensation?,"How buyer broker is paid, defined by agreement and law."
Unit 10: What is exclusive buyer agency?,Buyer agrees to work exclusively with one broker.
Unit 10: What is representation agreement purpose?,"Defines duties, authority, term, property criteria, and compensation."
Unit 11: What is contract?,Promise or agreement the law may enforce.
Unit 11: What is offer?,Proposal to enter into a contract.
Unit 11: What is acceptance?,Agreement to the exact terms of an offer.
Unit 11: What is counteroffer?,Rejection of original offer plus new offer.
Unit 11: What is consideration?,Something of legal value exchanged.
Unit 11: What is competent parties?,Parties with legal capacity to contract.
Unit 11: What is legal purpose?,Contract objective must be lawful.
Unit 11: What is consent?,"Voluntary agreement, not caused by fraud, mistake, duress, or undue influence."
Unit 11: What is valid contract?,Contract with all required legal elements.
Unit 11: What is void contract?,Contract with no legal effect.
Unit 11: What is voidable contract?,Contract one party may cancel.
Unit 11: What is unenforceable contract?,Contract that may be valid but cannot be enforced in court.
Unit 11: What is executed contract?,Fully performed contract.
Unit 11: What is executory contract?,Not yet fully performed contract.
Unit 11: What is bilateral contract?,Both parties promise to do something.
Unit 11: What is unilateral contract?,One party promises in exchange for performance.
Unit 11: What is breach?,Failure to perform a contract obligation.
Unit 11: What is liquidated damages?,Pre-agreed damages for breach.
Unit 11: What is specific performance?,Court order requiring contract performance.
Unit 11: What is contingency?,Condition that must be satisfied or waived.
Unit 12: What is promissory note?,Borrower’s written promise to repay a loan.
Unit 12: What is mortgage?,Security instrument pledging property as collateral.
Unit 12: What is deed of trust?,"Security instrument involving borrower, lender, and trustee."
Unit 12: What is principal?,Loan amount borrowed or still unpaid.
Unit 12: What is interest?,Cost of borrowing money.
Unit 12: What is amortization?,Repayment over time through scheduled payments.
Unit 12: What is loan-to-value ratio?,Loan amount divided by property value or price.
Unit 12: What is discount point?,Prepaid interest equal to 1% of loan amount.
Unit 12: What is origination fee?,Fee charged for making or processing a loan.
Unit 12: What is fixed-rate loan?,Loan with interest rate that does not change.
Unit 12: What is adjustable-rate mortgage?,Loan with interest rate that can change.
Unit 12: What is balloon payment?,Large final loan payment.
Unit 12: What is default?,Failure to meet loan obligations.
Unit 12: What is acceleration clause?,Allows lender to demand full balance after default.
Unit 12: What is prepayment penalty?,"Fee for paying loan early, if allowed."
Unit 12: What is foreclosure?,Legal process to enforce a lien after default.
Unit 12: What is judicial foreclosure?,Foreclosure through court action.
Unit 12: What is nonjudicial foreclosure?,Foreclosure without court action under power of sale.
Unit 12: What is deficiency judgment?,Judgment for remaining debt after foreclosure sale.
Unit 12: What is equity?,Market value minus debt owed.
Unit 13: What is FHA?,"Federal Housing Administration, insures approved mortgage loans."
Unit 13: What is VA loan?,Loan guaranteed for eligible veterans and qualifying borrowers.
Unit 13: What is USDA loan?,Program supporting eligible rural housing financing.
Unit 13: What is conventional loan?,Loan not government-insured or government-guaranteed.
Unit 13: What is insured loan?,Loan protected by insurance against lender loss.
Unit 13: What is guaranteed loan?,Loan backed by a government guarantee against lender loss.
Unit 13: What is secondary mortgage market?,Market where loans are bought and sold after origination.
Unit 13: What is Fannie Mae?,Secondary market entity buying conventional loans.
Unit 13: What is Freddie Mac?,Secondary market entity buying conventional loans.
Unit 13: What is Ginnie Mae?,Government agency guaranteeing securities backed by government loans.
Unit 13: What is mortgage-backed security?,Investment backed by pools of mortgage loans.
Unit 13: What is ECOA?,"Equal Credit Opportunity Act, prohibits credit discrimination."
Unit 13: What is TILA?,"Truth in Lending Act, requires credit cost disclosures."
Unit 13: What is RESPA?,Law requiring settlement cost disclosures and regulating certain closing practices.
Unit 13: What is Loan Estimate?,Disclosure of loan terms and estimated closing costs.
Unit 13: What is Closing Disclosure?,Final disclosure of loan terms and closing costs.
Unit 13: What is PMI?,Private mortgage insurance for certain conventional loans.
Unit 13: What is MIP?,Mortgage insurance premium for FHA loans.
Unit 13: What is APR?,Annual percentage rate reflecting credit cost.
Unit 13: What is government financing exam trap?,"FHA insures, VA guarantees, conventional is not government-backed."
Unit 14: What is closing?,Final settlement where ownership transfers and funds are distributed.
Unit 14: What is settlement?,Another term for closing.
Unit 14: What is escrow?,Neutral holding of money or documents until conditions are met.
Unit 14: What is closing agent?,Person or company coordinating closing.
Unit 14: What is debit?,Charge to a party on settlement statement.
Unit 14: What is credit?,Amount in favor of a party on settlement statement.
Unit 14: What is proration?,Dividing expenses between buyer and seller by time.
Unit 14: What is prepaid item?,Expense paid in advance.
Unit 14: What is accrued item?,Expense owed but not yet paid.
Unit 14: What is property tax proration?,Division of taxes between buyer and seller.
Unit 14: What is rent proration?,Division of rental income at closing.
Unit 14: What is seller debit buyer credit?,Typical treatment of unpaid seller expenses.
Unit 14: What is buyer debit seller credit?,Typical treatment when buyer assumes seller-paid items.
Unit 14: What is Closing Disclosure?,Final loan and cost disclosure for many residential loans.
Unit 14: What is ALTA statement?,Settlement statement often used in real estate closings.
Unit 14: What is title transfer at closing?,Deed is delivered and accepted.
Unit 14: What is recording after closing?,Documents are placed in public records.
Unit 14: What is funding?,Loan proceeds or money are provided for closing.
Unit 14: What is closing cost?,Expense paid to complete transaction.
Unit 14: What is proration exam trap?,Ask who used or owned the item during the time period.
Unit 15: What is lien?,Claim against property as security for debt or obligation.
Unit 15: What is voluntary lien?,"Lien created by agreement, such as a mortgage."
Unit 15: What is involuntary lien?,"Lien created by law, such as tax or judgment lien."
Unit 15: What is specific lien?,Lien affecting one particular property.
Unit 15: What is general lien?,"Lien affecting all property of a debtor, where allowed."
Unit 15: What is property tax lien?,Government claim for unpaid real estate taxes.
Unit 15: What is assessment?,Value placed on property for tax purposes.
Unit 15: What is millage rate?,Tax rate used to calculate property taxes.
Unit 15: What is special assessment?,Tax for a specific public improvement benefiting property.
Unit 15: What is judgment lien?,Lien from a court judgment.
Unit 15: What is mechanic’s lien?,Lien for unpaid labor or materials improving property.
Unit 15: What is mortgage lien?,Voluntary specific lien securing a loan.
Unit 15: What is tax lien priority?,Property tax liens often have high priority.
Unit 15: What is lien priority?,Order in which liens are paid.
Unit 15: What is subordination?,Agreement to lower a lien’s priority.
Unit 15: What is lis pendens?,Recorded notice of pending litigation affecting property.
Unit 15: What is writ of attachment?,Court order to seize property before judgment in some cases.
Unit 15: What is estate tax lien?,Lien related to taxes on a deceased person’s estate.
Unit 15: What is income tax lien?,General lien for unpaid income taxes.
Unit 15: What is lien exam trap?,Classify liens as voluntary/involuntary and general/specific.
Unit 16: What is appraisal?,Opinion or estimate of property value.
Unit 16: What is market value?,Most probable price under normal market conditions.
Unit 16: What is price?,Amount actually paid or asked.
Unit 16: What is cost?,Amount to build or acquire.
Unit 16: What is value?,Present worth of future benefits.
Unit 16: What is CMA?,"Comparative market analysis, often prepared by agents."
Unit 16: What is sales comparison approach?,Valuation using comparable sold properties.
Unit 16: What is cost approach?,Land value plus improvement cost minus depreciation.
Unit 16: What is income approach?,Valuation based on income property produces.
Unit 16: What is highest and best use?,"Most profitable legal, possible, and feasible use."
Unit 16: What is substitution?,Buyer will not pay more than cost of comparable substitute.
Unit 16: What is supply and demand?,Value is affected by availability and desire.
Unit 16: What is contribution?,Value of a feature depends on what it adds to total value.
Unit 16: What is conformity?,Maximum value occurs when property fits surrounding uses.
Unit 16: What is progression?,Lower-value property may benefit from nearby higher-value properties.
Unit 16: What is regression?,Higher-value property may be hurt by nearby lower-value properties.
Unit 16: What is depreciation?,Loss in value from any cause.
Unit 16: What is physical deterioration?,Loss from wear and tear.
Unit 16: What is functional obsolescence?,Loss from outdated design or utility.
Unit 16: What is external obsolescence?,Loss from outside factors beyond the property.
Unit 17: What is lease?,"Contract giving possession and use, not ownership."
Unit 17: What is lessor?,Landlord or owner granting lease rights.
Unit 17: What is lessee?,Tenant receiving lease rights.
Unit 17: What is leasehold estate?,Tenant’s right to possess and use property.
Unit 17: What is estate for years?,Leasehold with a definite ending date.
Unit 17: What is periodic tenancy?,Tenancy that renews automatically until proper notice.
Unit 17: What is tenancy at will?,Possession with consent but no fixed term.
Unit 17: What is tenancy at sufferance?,Tenant remains without consent after lawful possession ended.
Unit 17: What is gross lease?,"Tenant pays fixed rent, landlord pays many expenses."
Unit 17: What is net lease?,Tenant pays rent plus some property expenses.
Unit 17: What is percentage lease?,Rent plus percentage of business sales.
Unit 17: What is ground lease?,"Lease of land, often long-term."
Unit 17: What is sale and leaseback?,Owner sells property and leases it back.
Unit 17: What is assignment?,Transfer of all remaining lease rights.
Unit 17: What is sublease?,Transfer of less than all lease rights.
Unit 17: What is security deposit?,Money held to protect landlord against damage or default.
Unit 17: What is eviction?,Legal process to remove tenant.
Unit 17: What is constructive eviction?,"Landlord action or failure makes property unusable, forcing tenant out."
Unit 17: What is quiet enjoyment?,Tenant’s right to possess without unlawful interference.
Unit 17: What is lease exam trap?,"Lease gives possession and use, not title ownership."
Unit 18: What is fair housing?,Law area prohibiting housing discrimination.
Unit 18: What is federal protected classes?,"Race, color, religion, sex, disability, familial status, national origin."
Unit 18: What is race discrimination?,Illegal different treatment based on race.
Unit 18: What is color discrimination?,Illegal different treatment based on skin color.
Unit 18: What is religion discrimination?,Illegal different treatment based on religion.
Unit 18: What is sex discrimination?,"Illegal different treatment based on sex, including related protections under law."
Unit 18: What is disability discrimination?,Illegal different treatment based on disability.
Unit 18: What is familial status?,"Protection for households with children under 18, with exceptions."
Unit 18: What is national origin?,"Protection based on birthplace, ancestry, language, or ethnicity."
Unit 18: What is steering?,Directing people toward or away from areas based on protected class.
Unit 18: What is blockbusting?,Inducing panic selling by suggesting protected-class changes.
Unit 18: What is redlining?,Discriminatory denial or limitation of loans/services in certain areas.
Unit 18: What is discriminatory advertising?,Ads showing preference or limitation based on protected class.
Unit 18: What is reasonable accommodation?,Rule or policy change needed for disability-related use/enjoyment.
Unit 18: What is reasonable modification?,Physical change needed for disability-related access/use.
Unit 18: What is assistance animal?,"Animal related to disability needs, not treated as ordinary pet in many cases."
Unit 18: What is HUD?,Federal agency handling many fair housing complaints.
Unit 18: What is exemptions?,"Limited exceptions under fair housing law, applied carefully."
Unit 18: What is property description rule?,"Describe the property, not the preferred person."
Unit 18: What is fair housing exam trap?,Avoid statements about who should live there or neighborhood demographics.
Unit 19: What is property management?,Operating property for an owner.
Unit 19: What is property manager?,Person or company managing real estate for owner.
Unit 19: What is management agreement?,"Contract defining manager authority, duties, and compensation."
Unit 19: What is owner objectives?,"Owner goals for income, preservation, appreciation, or occupancy."
Unit 19: What is operating budget?,Budget for regular income and expenses.
Unit 19: What is capital budget?,Budget for major improvements or replacements.
Unit 19: What is rent roll?,"List of units, tenants, rents, and lease details."
Unit 19: What is vacancy?,Unoccupied rental space.
Unit 19: What is market rent?,Rent a property should command in the current market.
Unit 19: What is lease enforcement?,Ensuring tenants comply with lease terms.
Unit 19: What is tenant relations?,Communication and service to tenants.
Unit 19: What is maintenance?,"Keeping property safe, functional, and competitive."
Unit 19: What is preventive maintenance?,Maintenance done before equipment fails.
Unit 19: What is corrective maintenance?,Repair after something breaks or fails.
Unit 19: What is capital improvement?,Major improvement adding value or extending useful life.
Unit 19: What is risk management?,Identifying and reducing possible loss or liability.
Unit 19: What is trust account?,Separate account for client or tenant funds.
Unit 19: What is property report?,"Owner report on operations, income, expenses, and occupancy."
Unit 19: What is fair housing in management?,Managers must follow fair housing in leasing and operations.
Unit 19: What is management exam trap?,Manager protects owner investment while obeying law and serving tenants properly.
Unit 20: What is land-use control?,Rules limiting how property may be used or developed.
Unit 20: What is police power?,Government power supporting zoning and building regulation.
Unit 20: What is zoning?,Government regulation of land use and development.
Unit 20: What is zoning ordinance?,Local law dividing land into use districts.
Unit 20: What is residential zoning?,Zoning for housing uses.
Unit 20: What is commercial zoning?,Zoning for business uses.
Unit 20: What is industrial zoning?,Zoning for manufacturing or industrial uses.
Unit 20: What is agricultural zoning?,Zoning for farming or rural uses.
Unit 20: What is master plan?,Long-term plan guiding community growth and land use.
Unit 20: What is building code?,Construction standards for safety and quality.
Unit 20: What is certificate of occupancy?,Document confirming a building may be occupied.
Unit 20: What is variance?,Permission for zoning exception due to hardship.
Unit 20: What is conditional use?,Use allowed if specified conditions are met.
Unit 20: What is special use permit?,Permit allowing a use under stated conditions.
Unit 20: What is legal nonconforming use?,Use legal before zoning changed and may continue under rules.
Unit 20: What is downzoning?,Rezoning to a less intensive use.
Unit 20: What is buffer zone?,Area separating different land uses.
Unit 20: What is subdivision regulation?,Rules controlling division of land into lots.
Unit 20: What is deed restriction?,Private rule limiting property use.
Unit 20: What is land-use exam trap?,"Zoning is public control, deed restrictions are private control."
Unit 21: What is environmental hazard?,"Condition that may threaten health, safety, value, or property use."
Unit 21: What is EPA?,Environmental Protection Agency.
Unit 21: What is CERCLA?,Federal law addressing hazardous waste cleanup liability.
Unit 21: What is Superfund?,Common name for CERCLA cleanup program.
Unit 21: What is lead-based paint?,"Hazard in many homes built before 1978, requiring disclosures."
Unit 21: What is asbestos?,Hazardous material once used in building products.
Unit 21: What is radon?,Naturally occurring gas that can enter buildings from the ground.
Unit 21: What is mold?,Fungal growth often related to moisture issues.
Unit 21: What is underground storage tank?,Below-ground tank that may leak contaminants.
Unit 21: What is brownfield?,Property complicated by actual or perceived contamination.
Unit 21: What is wetlands?,Protected areas with water-saturated soil/ecosystems.
Unit 21: What is floodplain?,"Area subject to flooding, affecting insurance and use."
Unit 21: What is Phase I environmental site assessment?,Environmental due diligence review often used for commercial property.
Unit 21: What is Phase II environmental assessment?,Testing/investigation after possible contamination is found.
Unit 21: What is material environmental fact?,Known environmental issue that may affect decision or value.
Unit 21: What is disclosure duty?,Requirement to disclose known environmental facts when applicable.
Unit 21: What is agent environmental limit?,Agents should not diagnose hazards beyond expertise.
Unit 21: What is expert referral?,Recommend qualified inspectors or environmental professionals.
Unit 21: What is cleanup liability?,Responsibility for environmental remediation costs.
Unit 21: What is environmental exam trap?,"Disclose known facts, do not diagnose, recommend experts."
